N,rho_star,T_star,kappa,a,α,n_cut,m_cut,step_size,n_burnin,n_sweeps,sample_every,n_samples,seed,mean_abs_Q2_first_shell,ϵ0_inv,universal_line_4T,diff_to_4T,acceptance_rate,U1_mean,beta_U_mean
50,0.001,0.05,20.0,0.00447213595499958,1.7724538509055159,1,6,0.05,2000,10000,10,1000,100000,0.01126394731399952,0.9641457421250059,0.2,0.764145742125006,0.001965,-133.96040610753212,-2679.2081221506373
50,0.001,0.075,13.333333333333334,0.00447213595499958,1.7724538509055159,1,6,0.05,2000,10000,10,1000,100001,0.011015082626900975,0.9766252686848407,0.3,0.6766252686848406,0.0034016666666666666,-133.05828234125775,-1774.1104312167672
50,0.001,0.1,10.0,0.00447213595499958,1.7724538509055159,1,6,0.05,2000,10000,10,1000,100002,0.01313079646152467,0.9791016883641478,0.4,0.5791016883641478,0.004935,-132.24660737132373,-1322.4660737132342
50,0.001,0.125,8.0,0.00447213595499958,1.7724538509055159,1,6,0.05,2000,10000,10,1000,100003,0.015817182712018416,0.9798609374847568,0.5,0.4798609374847568,0.006516666666666666,-131.19284707507575,-1049.542776600606
50,0.001,0.15,6.666666666666667,0.00447213595499958,1.7724538509055159,1,6,0.05,2000,10000,10,1000,100004,0.015523188670292244,0.9835293852704993,0.6,0.3835293852704993,0.009971666666666667,-129.91608733204646,-866.107248880311
50,0.001,0.175,5.714285714285714,0.00447213595499958,1.7724538509055159,1,6,0.05,2000,10000,10,1000,100005,0.021094021876415223,0.9808158979924568,0.7,0.2808158979924569,0.01534,-128.52634248220915,-734.4362427554794
50,0.001,0.2,5.0,0.00447213595499958,1.7724538509055159,1,6,0.05,2000,10000,10,1000,100006,0.02894490544821305,0.9769663761029468,0.8,0.17696637610294674,0.022433333333333333,-127.0599792992888,-635.299896496445
50,0.001,0.225,4.444444444444445,0.00447213595499958,1.7724538509055159,1,6,0.05,2000,10000,10,1000,100007,0.045908277879330224,0.9675265362074146,0.9,0.06752653620741456,0.035205,-124.95738445556806,-555.3661531358576
50,0.001,0.25,4.0,0.00447213595499958,1.7724538509055159,1,6,0.05,2000,10000,10,1000,100008,0.0869892157916007,0.9446209452443167,1.0,-0.05537905475568328,0.05248166666666667,-122.76096978763806,-491.04387915055224
50,0.001,0.275,3.6363636363636362,0.00447213595499958,1.7724538509055159,1,6,0.05,2000,10000,10,1000,100009,0.15802901751193996,0.9085414571309784,1.1,-0.19145854286902164,0.07701,-120.29890130246798,-437.4505501907927
50,0.001,0.3,3.3333333333333335,0.00447213595499958,1.7724538509055159,1,6,0.05,2000,10000,10,1000,100010,0.33200729008267255,0.8238646621359929,1.2,-0.3761353378640071,0.11153,-116.92527796389746,-389.7509265463237
50,0.001,0.35,2.857142857142857,0.00447213595499958,1.7724538509055159,1,6,0.05,2000,10000,10,1000,100011,0.9986829533290379,0.54587048970306,1.4,-0.85412951029694,0.20538333333333333,-108.73461459304423,-310.67032740869456
50,0.001,0.4,2.5,0.00447213595499958,1.7724538509055159,1,6,0.05,2000,10000,10,1000,100012,1.677241700242523,0.3326467316163687,1.6,-1.2673532683836313,0.30900666666666665,-100.6604646623443,-251.65116165587057
50,0.001,0.5,2.0,0.00447213595499958,1.7724538509055159,1,6,0.05,2000,10000,10,1000,100013,2.470879794860192,0.21349453372422422,2.0,-1.7865054662757758,0.4619316666666667,-89.98239443366057,-179.96478886732115
50,0.001,0.6,1.6666666666666667,0.00447213595499958,1.7724538509055159,1,6,0.05,2000,10000,10,1000,100014,3.005804868315156,0.20268549539659886,2.4,-2.1973145046034013,0.5634166666666667,-83.47580299882426,-139.1263383313731
50,0.001,0.8,1.25,0.00447213595499958,1.7724538509055159,1,6,0.05,2000,10000,10,1000,100015,4.095638452056069,0.18519861904754753,3.2,-3.0148013809524525,0.6815583333333334,-75.49712089770321,-94.37140112212717
50,0.001,1.0,1.0,0.00447213595499958,1.7724538509055159,1,6,0.05,2000,10000,10,1000,100016,5.0438075080778955,0.19725310308538813,4.0,-3.802746896914612,0.744535,-71.19736006061032,-71.19736006061032
50,0.005,0.05,20.0,0.01,1.7724538509055159,1,6,0.05,2000,10000,10,1000,101000,0.03866496555939931,0.8769255921348742,0.2,0.6769255921348742,0.006376666666666667,-115.67001752204098,-2313.400350440815
50,0.005,0.075,13.333333333333334,0.01,1.7724538509055159,1,6,0.05,2000,10000,10,1000,101001,0.03958656071016722,0.9159947091062597,0.3,0.6159947091062596,0.01131,-114.4532196661164,-1526.0429288815556
50,0.005,0.1,10.0,0.01,1.7724538509055159,1,6,0.05,2000,10000,10,1000,101002,0.05550143047855519,0.9116667299066676,0.4,0.5116667299066676,0.020465,-112.714523093265,-1127.14523093266
50,0.005,0.125,8.0,0.01,1.7724538509055159,1,6,0.05,2000,10000,10,1000,101003,0.06547989348913441,0.9166284102245875,0.5,0.4166284102245875,0.029315,-111.22584364654107,-889.8067491723285
50,0.005,0.15,6.666666666666667,0.01,1.7724538509055159,1,6,0.05,2000,10000,10,1000,101004,0.08503935460756953,0.9097704423790718,0.6,0.3097704423790718,0.04584,-110.18172162445013,-734.5448108296694
50,0.005,0.175,5.714285714285714,0.01,1.7724538509055159,1,6,0.05,2000,10000,10,1000,101005,0.09948862521729712,0.9095193915157153,0.7,0.2095193915157153,0.06316833333333334,-108.70136888191074,-621.1506793252064
50,0.005,0.2,5.0,0.01,1.7724538509055159,1,6,0.05,2000,10000,10,1000,101006,0.1527976113981668,0.8784075242667361,0.8,0.07840752426673603,0.08951666666666666,-107.03000749308036,-535.1500374653989
50,0.005,0.225,4.444444444444445,0.01,1.7724538509055159,1,6,0.05,2000,10000,10,1000,101007,0.22156470768822392,0.8432750291409258,0.9,-0.05672497085907424,0.12113166666666667,-105.0552317109864,-466.91214093770986
50,0.005,0.25,4.0,0.01,1.7724538509055159,1,6,0.05,2000,10000,10,1000,101008,0.3591889852957111,0.7713331899441018,1.0,-0.22866681005589817,0.16083833333333333,-102.84160339627574,-411.366413585103
50,0.005,0.275,3.6363636363636362,0.01,1.7724538509055159,1,6,0.05,2000,10000,10,1000,101009,0.620177915818417,0.6410749785493439,1.1,-0.45892502145065617,0.20263333333333333,-100.22413792485852,-364.4514106358455
50,0.005,0.3,3.3333333333333335,0.01,1.7724538509055159,1,6,0.05,2000,10000,10,1000,101010,0.9656475559455934,0.48770806062217087,1.2,-0.7122919393778291,0.2559533333333333,-96.85306140444847,-322.8435380148289
50,0.005,0.35,2.857142857142857,0.01,1.7724538509055159,1,6,0.05,2000,10000,10,1000,101011,1.559455759812189,0.29087116369360755,1.4,-1.1091288363063923,0.35488333333333333,-91.3222046384032,-260.92058468115226
50,0.005,0.4,2.5,0.01,1.7724538509055159,1,6,0.05,2000,10000,10,1000,101012,2.0165134322766365,0.19765479860492352,1.6,-1.4023452013950766,0.43215166666666666,-87.38593309900922,-218.46483274752117
50,0.005,0.5,2.0,0.01,1.7724538509055159,1,6,0.05,2000,10000,10,1000,101013,2.6046379440554586,0.17091799247772443,2.0,-1.8290820075222756,0.5405233333333334,-81.2512663668378,-162.5025327336756
50,0.005,0.6,1.6666666666666667,0.01,1.7724538509055159,1,6,0.05,2000,10000,10,1000,101014,3.1565201549798294,0.1627070239429409,2.4,-2.2372929760570592,0.6138933333333333,-77.35414804000521,-128.92358006667763
50,0.005,0.8,1.25,0.01,1.7724538509055159,1,6,0.05,2000,10000,10,1000,101015,4.178993380167151,0.1686156829976122,3.2,-3.031384317002388,0.7061183333333333,-72.05896262776714,-90.07370328470638
50,0.005,1.0,1.0,0.01,1.7724538509055159,1,6,0.05,2000,10000,10,1000,101016,5.125051229010601,0.1843227633037695,4.0,-3.8156772366962306,0.7566916666666667,-68.75518893917477,-68.75518893917477
50,0.01,0.05,20.0,0.01414213562373095,1.7724538509055159,1,6,0.05,2000,10000,10,1000,102000,0.044365752341698386,0.8587794242165574,0.2,0.6587794242165574,0.008691666666666667,-109.37825750582809,-2187.5651501165507
50,0.01,0.075,13.333333333333334,0.01414213562373095,1.7724538509055159,1,6,0.05,2000,10000,10,1000,102001,0.07696693565913186,0.836671089802844,0.3,0.536671089802844,0.019783333333333333,-106.81851813606963,-1424.246908480928
50,0.01,0.1,10.0,0.01414213562373095,1.7724538509055159,1,6,0.05,2000,10000,10,1000,102002,0.10526287238478386,0.8324689353591028,0.4,0.4324689353591028,0.035908333333333334,-104.70732403788257,-1047.0732403788325
50,0.01,0.125,8.0,0.01414213562373095,1.7724538509055159,1,6,0.05,2000,10000,10,1000,102003,0.12720289319646294,0.83804024617754,0.5,0.33804024617754,0.056545,-102.93124309351282,-823.4499447481026
50,0.01,0.15,6.666666666666667,0.01414213562373095,1.7724538509055159,1,6,0.05,2000,10000,10,1000,102004,0.1611088212693961,0.8290582314617795,0.6,0.2290582314617795,0.08158166666666666,-101.69287395848156,-677.9524930565502
50,0.01,0.175,5.714285714285714,0.01414213562373095,1.7724538509055159,1,6,0.05,2000,10000,10,1000,102005,0.218524290772786,0.8012615939306311,0.7,0.10126159393063117,0.10982166666666666,-100.12542871478009,-572.1453069415911
50,0.01,0.2,5.0,0.01414213562373095,1.7724538509055159,1,6,0.05,2000,10000,10,1000,102006,0.2927115930370901,0.7670675153392195,0.8,-0.03293248466078058,0.14528333333333332,-98.45730473521938,-492.2865236760932
50,0.01,0.225,4.444444444444445,0.01414213562373095,1.7724538509055159,1,6,0.05,2000,10000,10,1000,102007,0.4559816375123795,0.6774589708034133,0.9,-0.2225410291965867,0.18759,-96.39448402836638,-428.4199290149758
50,0.01,0.25,4.0,0.01414213562373095,1.7724538509055159,1,6,0.05,2000,10000,10,1000,102008,0.6451714496943197,0.5892710985575398,1.0,-0.4107289014424602,0.23199166666666668,-94.2635438262794,-377.0541753051176
50,0.01,0.275,3.6363636363636362,0.01414213562373095,1.7724538509055159,1,6,0.05,2000,10000,10,1000,102009,0.9130824918298517,0.4715578471804144,1.1,-0.6284421528195857,0.28234166666666666,-91.74423272624479,-333.61539173179
50,0.01,0.3,3.3333333333333335,0.01414213562373095,1.7724538509055159,1,6,0.05,2000,10000,10,1000,102010,1.4098723174681183,0.2520395051550768,1.2,-0.9479604948449232,0.33531666666666665,-89.08380662967627,-296.9460220989234
50,0.01,0.35,2.857142857142857,0.01414213562373095,1.7724538509055159,1,6,0.05,2000,10000,10,1000,102011,1.7611025925708093,0.1991766202868671,1.4,-1.2008233797131327,0.41614833333333334,-85.23419609559242,-243.52627455883552
50,0.01,0.4,2.5,0.01414213562373095,1.7724538509055159,1,6,0.05,2000,10000,10,1000,102012,2.089551404355473,0.16859391288053693,1.6,-1.4314060871194632,0.48298,-82.01520647023233,-205.0380161755848
50,0.01,0.5,2.0,0.01414213562373095,1.7724538509055159,1,6,0.05,2000,10000,10,1000,102013,2.6881936809505427,0.14432137537664746,2.0,-1.8556786246233525,0.5739766666666667,-77.5845067342375,-155.169013468475
50,0.01,0.6,1.6666666666666667,0.01414213562373095,1.7724538509055159,1,6,0.05,2000,10000,10,1000,102014,3.144945950992084,0.1657771769046137,2.4,-2.2342228230953864,0.63214,-74.63893724360196,-124.39822873933566
50,0.01,0.8,1.25,0.01414213562373095,1.7724538509055159,1,6,0.05,2000,10000,10,1000,102015,4.147866027497972,0.1748082730509427,3.2,-3.0251917269490574,0.710695,-70.25842219665205,-87.82302774581707
50,0.01,1.0,1.0,0.01414213562373095,1.7724538509055159,1,6,0.05,2000,10000,10,1000,102016,4.865646985859318,0.22560823086030823,4.0,-3.774391769139692,0.7563433333333334,-67.53580665578805,-67.53580665578805
200,0.01,0.05,20.0,0.007071067811865475,1.7724538509055159,1,6,0.05,2000,10000,10,1000,200000,0.07977119443919162,0.7460804017731588,0.2,0.5460804017731589,0.00336625,-497.29268583343446,-9945.853716668646
200,0.01,0.075,13.333333333333334,0.007071067811865475,1.7724538509055159,1,6,0.05,2000,10000,10,1000,200001,0.08026321749435078,0.8296761624975224,0.3,0.5296761624975224,0.0059479166666666665,-493.4911018384827,-6579.881357846404
200,0.01,0.1,10.0,0.007071067811865475,1.7724538509055159,1,6,0.05,2000,10000,10,1000,200002,0.10291362136686706,0.836207884479754,0.4,0.436207884479754,0.01006,-487.4938692256879,-4874.938692256813
200,0.01,0.125,8.0,0.007071067811865475,1.7724538509055159,1,6,0.05,2000,10000,10,1000,200003,0.13151295862957268,0.8325525004277086,0.5,0.33255250042770856,0.015473333333333334,-482.56015116199876,-3860.48120929599
200,0.01,0.15,6.666666666666667,0.007071067811865475,1.7724538509055159,1,6,0.05,2000,10000,10,1000,200004,0.163402166537703,0.8266249165573298,0.6,0.22662491655732986,0.024460416666666665,-476.14872913665454,-3174.32486091104
200,0.01,0.175,5.714285714285714,0.007071067811865475,1.7724538509055159,1,6,0.05,2000,10000,10,1000,200005,0.21546705167257293,0.804042020873561,0.7,0.10404202087356107,0.03719666666666667,-469.68288372424814,-2683.902192710013
200,0.01,0.2,5.0,0.007071067811865475,1.7724538509055159,1,6,0.05,2000,10000,10,1000,200006,0.34966773826169184,0.7217432550794434,0.8,-0.07825674492055668,0.05576166666666667,-462.49165854350315,-2312.4582927175024
200,0.01,0.225,4.444444444444445,0.007071067811865475,1.7724538509055159,1,6,0.05,2000,10000,10,1000,200007,0.6184920300532842,0.5625063829070165,0.9,-0.33749361709298353,0.08288916666666667,-453.87729694716774,-2017.232430876352
200,0.01,0.25,4.0,0.007071067811865475,1.7724538509055159,1,6,0.05,2000,10000,10,1000,200008,1.0400195739597105,0.33790297556794013,1.0,-0.6620970244320599,0.11961166666666667,-443.44367658391496,-1773.7747063356599
200,0.01,0.275,3.6363636363636362,0.007071067811865475,1.7724538509055159,1,6,0.05,2000,10000,10,1000,200009,1.4633437121874953,0.1530967809560594,1.1,-0.9469032190439407,0.15609958333333335,-433.8411009311355,-1577.604003385879
200,0.01,0.3,3.3333333333333335,0.007071067811865475,1.7724538509055159,1,6,0.05,2000,10000,10,1000,200010,1.6785257433968443,0.1095144361046464,1.2,-1.0904855638953537,0.19719791666666667,-424.34476343527723,-1414.4825447843282
200,0.01,0.35,2.857142857142857,0.007071067811865475,1.7724538509055159,1,6,0.05,2000,10000,10,1000,200011,2.0221414373365407,0.08047484176268394,1.4,-1.319525158237316,0.2676691666666667,-409.06113862370603,-1168.7461103534688
200,0.01,0.4,2.5,0.007071067811865475,1.7724538509055159,1,6,0.05,2000,10000,10,1000,200012,2.318249993250124,0.07759763562872435,1.6,-1.5224023643712759,0.3298933333333333,-396.68194057443515,-991.7048514361082
200,0.01,0.5,2.0,0.007071067811865475,1.7724538509055159,1,6,0.05,2000,10000,10,1000,200013,2.9240768231842647,0.0692374392195565,2.0,-1.9307625607804435,0.42271416666666667,-379.6366021340013,-759.2732042680026
200,0.01,0.6,1.6666666666666667,0.007071067811865475,1.7724538509055159,1,6,0.05,2000,10000,10,1000,200014,3.426044729112705,0.09121341017963247,2.4,-2.308786589820367,0.49105791666666665,-367.493073602158,-612.488456003601
200,0.01,0.8,1.25,0.007071067811865475,1.7724538509055159,1,6,0.05,2000,10000,10,1000,200015,4.713715028550188,0.06223619109960388,3.2,-3.137763808900396,0.5829366666666667,-349.795095594062,-437.24386949256973
200,0.01,1.0,1.0,0.007071067811865475,1.7724538509055159,1,6,0.05,2000,10000,10,1000,200016,5.629544499059699,0.10403016561886125,4.0,-3.895969834381139,0.6426504166666667,-338.6486933854695,-338.6486933854695
